{
  "currency": "USD",
  "naive_cost": 2.567849890515208,
  "opt_cost": 2.811849890515208,
  "savings_$": -0.24399999999999977,
  "base_peak_kw": 0.1203010156750679,
  "naive_peak_kw": 3.720037950575352,
  "opt_peak_kw": 3.7198542788624764,
  "peak_reduction_kw": 0.0001836717128753662
}