{
  "LinearRegression": {
    "MAE": 18.157838216727164,
    "RMSE": 69.79781832539902,
    "MAPE": 2.47592648012144
  },
  "RandomForest": {
    "MAE": 12.695480751767874,
    "RMSE": 77.9359075423173,
    "MAPE": 2.0938520762230155
  }
}